# Copyright (C) 2017  Intel Corporation. All rights reserved.
# Your use of Intel Corporation's design tools, logic functions 
# and other software and tools, and its AMPP partner logic 
# functions, and any output files from any of the foregoing 
# (including device programming or simulation files), and any 
# associated documentation or information are expressly subject 
# to the terms and conditions of the Intel Program License 
# Subscription Agreement, the Intel Quartus Prime License Agreement,
# the Intel FPGA IP License Agreement, or other applicable license
# agreement, including, without limitation, that your use is for
# the sole purpose of programming logic devices manufactured by
# Intel and sold by Intel or its authorized distributors.  Please
# refer to the applicable agreement for further details.

# Quartus Prime Version 17.1.0 Build 590 10/25/2017 SJ Lite Edition
# File: C:\CYC1000\NO\lvds_Hdmi_Audio_MODULOS ENTRENAMIENTO\cyc1000\modulos_entrenamiento_2.csv
# Generated on: Mon Jan 18 13:56:52 2021

# Note: The column header names should not be changed if you wish to import this .csv file into the Quartus Prime software.

To,Direction,Location,I/O Bank,VREF Group,Fitter Location,I/O Standard,Reserved,Current Strength,Slew Rate,Differential Pair,Strict Preservation
Out_TMDS_CLK,Output,PIN_L15,5,B5_N0,PIN_L15,3.3-V LVTTL,,,,,
Out_TMDS_D0,Output,PIN_P2,2,B2_N0,PIN_F15,3.3-V LVTTL,,,,,
Out_TMDS_D1,Output,PIN_J2,2,B2_N0,PIN_C15,3.3-V LVTTL,,,,,
Out_TMDS_D1_N,Output,PIN_J1,2,B2_N0,PIN_J1,3.3-V LVTTL,,,,,
Out_TMDS_D2,Output,PIN_N2,2,B2_N0,PIN_K15,3.3-V LVTTL,,,,,
clk12mhz,Input,PIN_M2,2,B2_N0,PIN_M2,3.3-V LVTTL,,,,,
clkps2,Input,PIN_L2,2,B2_N0,PIN_L2,3.3-V LVTTL,,,,,
dataps2,Input,PIN_K2,2,B2_N0,PIN_K2,3.3-V LVTTL,,,,,
